chain,residue,number,x,y,z
A,SER,0,29.269,-0.540,-19.266
A,MET,1,27.177,0.005,-16.103
A,LEU,2,27.308,1.353,-12.563
A,TYR,3,28.155,-1.366,-10.064
A,LEU,4,26.430,-2.025,-6.752
A,LEU,5,29.179,-2.189,-4.086
A,ASP,6,29.126,-4.695,-1.246
A,LYS,7,29.213,-3.252,2.275
A,SER,8,32.570,-4.920,2.888
A,ASP,9,34.085,-2.609,0.227
A,TYR,10,32.459,0.663,1.348
A,PRO,11,35.821,1.768,2.795
A,LYS,12,37.001,2.111,-0.812
A,VAL,13,34.735,5.163,-1.296
A,LYS,14,35.844,7.026,1.852
A,HIS,15,38.629,8.752,-0.024
A,LEU,16,35.973,10.491,-2.196
A,VAL,17,34.702,12.329,0.899
A,ARG,18,37.070,15.251,0.745
A,THR,19,35.635,18.719,1.216
A,LYS,20,34.471,20.134,4.512
A,GLU,21,30.836,19.983,3.302
A,GLU,22,31.217,16.327,2.321
A,LYS,23,32.942,15.444,5.582
A,SER,24,30.259,17.101,7.675
A,ASP,25,27.361,15.471,5.856
A,VAL,26,26.033,12.931,8.332
A,PRO,27,23.774,10.796,6.037
A,LEU,28,26.536,10.460,3.412
A,ASN,29,29.101,9.280,5.943
A,ALA,30,26.639,7.131,7.913
A,VAL,31,25.825,5.112,4.799
A,ILE,32,29.523,4.790,3.818
A,ASN,33,30.296,3.611,7.384
A,GLY,34,27.619,0.928,7.098
A,THR,35,25.699,2.337,10.064
A,ASN,36,22.450,3.299,8.302
A,VAL,37,20.402,1.907,5.439
A,GLY,38,21.636,2.726,1.975
A,ASN,39,23.125,1.502,-1.293
A,ILE,40,26.335,2.520,-3.078
A,TYR,41,27.000,2.405,-6.837
A,VAL,42,30.435,2.987,-8.341
A,ASP,43,32.355,3.242,-11.618
A,ASP,44,34.877,0.567,-10.610
A,PRO,45,34.462,-1.684,-7.567
A,ASP,46,38.181,-2.232,-7.190
A,HIS,47,39.185,1.464,-7.186
A,PRO,48,36.156,3.779,-7.179
A,LYS,49,36.633,7.247,-8.659
A,ALA,50,32.971,8.266,-8.564
A,ALA,51,30.052,7.059,-6.519
A,LEU,52,26.314,7.363,-6.095
A,VAL,53,25.644,7.025,-2.389
A,ASP,54,21.958,6.396,-1.809
A,ALA,55,20.807,7.287,1.735
A,VAL,56,17.500,5.771,0.874
A,GLY,57,15.581,7.552,3.671
A,THR,58,16.560,11.054,2.491
A,THR,59,18.574,11.491,-0.733
A,CYS,60,21.252,10.172,-2.954
A,PHE,61,24.578,11.961,-3.328
A,LEU,62,26.958,11.979,-6.282
A,ILE,63,30.589,12.228,-5.162
A,GLY,64,33.954,11.962,-6.851
A,ASP,65,34.815,12.652,-10.442
A,ALA,66,31.868,14.176,-12.340
A,SER,67,33.736,13.527,-15.585
A,SER,68,33.404,9.751,-15.106
A,PRO,69,32.470,8.364,-18.528
A,VAL,70,30.358,5.581,-17.117
A,PHE,71,28.293,8.093,-15.120
A,GLY,72,27.775,10.085,-18.318
A,GLU,73,26.276,7.158,-20.165
A,HIS,74,24.670,4.917,-17.556
A,LEU,75,23.539,7.093,-14.653
A,LYS,76,20.052,7.192,-16.207
A,ASP,77,20.019,3.380,-16.491
A,CYS,78,20.901,3.059,-12.813
A,ILE,79,18.216,5.531,-11.723
A,GLU,80,15.385,4.152,-13.885
A,ASN,81,15.904,0.445,-13.080
A,GLN,82,18.102,-0.437,-10.084
A,LEU,83,17.244,2.578,-7.946
A,LYS,84,13.601,2.714,-9.089
A,ASP,85,12.761,-0.941,-8.502
A,GLN,86,14.174,-1.084,-5.002
A,CYS,87,12.470,2.178,-4.085
A,LEU,88,9.039,1.215,-5.328
A,GLU,89,9.218,-2.327,-3.996
A,SER,90,10.043,-0.920,-0.564
A,GLY,91,7.061,1.434,-0.528
A,GLY,92,8.841,4.528,-1.814
A,SER,93,7.795,6.862,-4.635
A,TYR,94,10.484,9.511,-5.146
A,PHE,95,13.996,10.103,-6.378
A,ILE,96,15.955,12.837,-4.577
A,ALA,97,19.544,13.865,-5.315
A,THR,98,21.779,16.324,-3.428
A,LEU,99,24.978,17.649,-4.954
A,PHE,100,28.157,19.116,-3.540
A,ASP,101,29.835,20.029,-6.839
A,LYS,102,28.476,22.114,-9.727
A,GLU,103,30.168,19.751,-12.200
A,TRP,104,27.742,16.962,-11.340
A,GLU,105,24.674,19.092,-12.254
A,LYS,106,24.835,18.752,-16.006
A,VAL,107,25.610,15.022,-15.586
A,LEU,108,22.524,14.455,-13.442
A,GLU,109,20.360,16.738,-15.594
A,ASN,110,21.030,14.726,-18.746
A,ALA,111,20.206,11.575,-16.780
A,ILE,112,16.844,12.851,-15.432
A,SER,113,15.808,15.133,-18.321
A,HIS,114,12.417,13.583,-19.168
A,ARG,115,11.359,13.584,-15.558
A,GLU,116,9.297,16.536,-14.418
A,TYR,117,11.838,17.260,-11.690
A,GLU,118,11.737,20.011,-9.054
A,PRO,119,14.988,21.845,-8.255
A,ASP,120,15.502,23.028,-4.686
A,TYR,121,18.270,23.483,-2.144
A,GLU,122,19.022,21.677,1.100
A,PHE,123,19.979,23.952,3.983
A,TYR,124,22.796,22.825,6.317
A,HIS,125,23.301,24.273,9.774
A,GLU,126,25.472,24.193,12.860
A,PHE,127,23.829,23.768,16.248
A,ASP,128,24.572,26.573,18.742
A,LYS,129,24.138,24.985,22.171
A,ASP,130,24.472,28.265,24.009
A,LYS,131,21.754,29.884,21.934
A,PHE,132,19.440,26.908,22.437
A,ASN,133,20.051,27.012,26.176
A,LYS,134,19.216,30.760,26.218
A,VAL,135,16.068,30.701,24.051
A,LYS,136,14.376,27.479,25.155
A,SER,137,12.928,29.229,28.233
A,ASN,138,10.476,30.938,25.837
A,TYR,139,9.150,27.690,24.360
A,ARG,140,5.477,26.948,25.117
A,SER,141,4.913,24.477,27.925
A,LEU,142,2.955,21.310,27.188
A,THR,143,-0.640,21.282,28.484
A,ASN,144,-1.959,18.332,30.467
A,GLU,145,-3.168,16.116,27.572
A,TYR,146,0.412,15.987,26.140
A,THR,147,3.384,14.164,27.586
A,ILE,148,6.974,13.313,26.591
A,LYS,149,8.250,9.764,26.273
A,ARG,150,11.569,8.359,25.168
A,MET,151,11.327,5.911,22.264
A,ASP,152,11.702,2.300,23.483
A,LYS,153,10.794,-0.967,21.855
A,GLU,154,7.352,-1.017,23.475
A,LEU,155,6.471,2.366,22.049
A,ILE,156,7.702,1.535,18.584
A,GLN,157,6.023,-1.875,18.480
A,ASN,158,2.710,-0.759,20.045
A,ASP,159,2.059,2.436,18.020
A,SER,160,-1.439,1.504,16.732
A,ASP,161,-0.175,3.222,13.628
A,ASP,162,3.050,1.554,12.466
A,THR,163,3.942,5.132,11.576
A,LEU,164,7.094,5.273,13.691
A,ARG,165,8.280,1.768,12.821
A,SER,166,7.824,2.498,9.140
A,CYS,167,9.773,5.768,9.359
A,LEU,168,12.547,4.112,11.374
A,SER,169,12.842,1.356,8.776
A,ASP,170,13.872,3.979,6.166
A,PHE,171,17.021,4.614,8.216
A,TRP,172,17.803,1.659,10.478
A,ASP,173,18.237,-2.014,9.682
A,SER,174,16.594,-2.916,13.005
A,ILE,175,14.905,-1.397,16.001
A,ASP,176,17.730,-2.738,18.162
A,ASP,177,20.297,-0.852,16.084
A,PHE,178,18.264,2.349,16.432
A,LEU,179,17.915,1.909,20.172
A,THR,180,21.575,1.102,20.756
A,LYS,181,23.126,3.754,18.449
A,GLY,182,20.429,6.422,18.175
A,VAL,183,17.886,8.067,20.437
A,GLY,184,14.428,9.603,20.060
A,PHE,185,11.577,11.252,21.946
A,CYS,186,7.854,11.616,21.268
A,VAL,187,4.916,13.747,22.279
A,ILE,188,2.014,11.451,23.275
A,LYS,189,-1.737,12.317,23.390
A,ASP,190,-4.527,9.762,24.114
A,GLU,191,-1.798,7.077,24.141
A,GLN,192,-0.920,7.939,20.453
A,VAL,193,2.338,9.280,19.098
A,ILE,194,1.618,12.835,17.898
A,SER,195,5.185,14.127,17.323
A,SER,196,8.687,12.661,17.223
A,CYS,197,12.288,13.800,17.092
A,PHE,198,14.820,11.014,16.562
A,THR,199,18.236,10.171,15.193
A,CYS,200,17.979,9.067,11.557
A,TYR,201,21.719,8.817,10.837
A,VAL,202,24.851,8.495,13.002
A,ASP,203,28.447,9.366,12.071
A,GLY,204,30.513,9.013,15.250
A,ASN,205,29.150,11.530,17.765
A,ASN,206,27.139,13.308,15.048
A,HIS,207,23.406,12.540,14.919
A,GLU,208,21.094,13.688,12.111
A,ILE,209,17.577,14.694,13.212
A,SER,210,14.235,13.596,11.837
A,VAL,211,11.257,15.528,13.249
A,GLU,212,7.556,15.271,12.471
A,THR,213,4.119,16.089,13.932
A,TYR,214,2.012,13.332,12.406
A,ASP,215,-1.454,14.692,13.292
A,GLU,216,-1.877,17.640,10.966
A,GLU,217,-4.490,19.081,13.295
A,GLU,218,-1.938,19.239,16.194
A,GLN,219,0.684,21.267,14.339
A,ASN,220,1.498,24.843,15.379
A,LYS,221,0.996,24.091,19.063
A,GLY,222,4.615,23.706,20.232
A,LEU,223,4.662,19.893,20.106
A,ALA,224,7.549,19.334,17.732
A,THR,225,9.453,22.024,19.572
A,LYS,226,9.106,20.150,22.843
A,ALA,227,10.096,16.786,21.352
A,CYS,228,13.148,18.474,19.870
A,GLU,229,13.943,20.315,23.079
A,VAL,230,14.108,17.057,25.055
A,TYR,231,16.123,15.424,22.253
A,LEU,232,18.635,18.300,22.150
A,GLU,233,19.000,18.280,25.927
A,TYR,234,19.800,14.570,25.719
A,CYS,235,22.374,15.295,23.012
A,ILE,236,24.031,17.989,25.100
A,GLU,237,24.111,15.739,28.182
A,ASN,238,25.627,12.849,26.239
A,GLY,239,28.178,14.655,24.050
A,ILE,240,26.254,14.273,20.780
A,THR,241,26.344,16.898,18.074
A,PRO,242,22.879,17.156,16.455
A,HIS,243,22.404,18.119,12.808
A,TRP,244,19.392,19.582,11.038
A,SER,245,19.244,19.704,7.263
A,THR,246,16.077,20.639,5.384
A,PHE,247,14.782,21.761,1.999
A,GLU,248,14.696,25.504,1.464
A,THR,249,11.051,25.215,0.463
A,ASN,250,10.168,23.458,3.729
A,VAL,251,9.817,26.756,5.561
A,GLU,252,8.142,25.173,8.606
A,SER,253,11.334,23.167,9.106
A,VAL,254,13.668,26.048,8.222
A,ASN,255,11.959,28.244,10.800
A,LEU,256,11.868,25.482,13.455
A,ALA,257,15.604,24.924,12.994
A,SER,258,16.215,28.618,13.658
A,LYS,259,13.981,28.514,16.707
A,LEU,260,16.014,25.603,18.143
A,GLY,261,19.408,27.357,17.733
A,PHE,262,20.531,25.841,14.420
A,GLU,263,22.446,28.460,12.464
A,TYR,264,22.616,28.499,8.679
A,ARG,265,25.967,27.500,7.166
A,PHE,266,25.536,26.503,3.475
A,LYS,267,23.098,25.089,0.933
A,LEU,268,23.369,22.314,-1.633
A,LYS,269,21.457,21.969,-4.885
A,THR,270,18.779,19.269,-4.933
A,TYR,271,16.611,17.586,-7.594
A,GLU,272,13.463,15.565,-6.913
A,PHE,273,10.925,13.711,-9.024
A,GLU,274,8.177,11.120,-8.540
A,TYR,275,8.720,7.813,-10.335
